,change_count,change_percentage,avg_magnitude
Pregnancies,0,0.0,0.0
Glucose,61,61.61616161616161,38.60655737704918
BloodPressure,82,82.82828282828282,26.085365853658537
SkinThickness,0,0.0,0.0
Insulin,0,0.0,0.0
BMI,4,4.040404040404041,9.130828963199999
DiabetesPedigreeFunction,0,0.0,0.0
Age,18,18.181818181818183,17.38888888888889
